{"cameraMode":{"drawMode":0,"name":"Shaded","section":"Shading Mode"},"sceneLighting":true,"audioPlay":false,"sceneViewState":{"showFog":true,"showMaterialUpdate":false,"showSkybox":true,"showFlares":true,"showImageEffects":true,"showParticleSystems":true,"showVisualEffectGraphs":true,"m_FxEnabled":true},"in2DMode":false,"pivot":{"x":-430.2769470214844,"y":103.61454772949219,"z":-19.127361297607423},"rotation":{"x":0.025359058752655984,"y":0.7303919792175293,"z":0.027193693444132806,"w":-0.6820724606513977},"size":303.8205261230469,"orthographic":false}