{"cameraMode":{"drawMode":0,"name":"Shaded","section":"Shading Mode"},"sceneLighting":true,"audioPlay":false,"sceneViewState":{"showFog":true,"showMaterialUpdate":false,"showSkybox":true,"showFlares":true,"showImageEffects":true,"showParticleSystems":true,"showVisualEffectGraphs":true,"m_FxEnabled":true},"in2DMode":false,"pivot":{"x":164.3964080810547,"y":-177.86276245117188,"z":113.82547760009766},"rotation":{"x":0.32028451561927798,"y":0.44713446497917178,"z":-0.1754150688648224,"w":0.8165616393089294},"size":138.60348510742188,"orthographic":false}