{"cameraMode":{"drawMode":0,"name":"Shaded","section":"Shading Mode"},"sceneLighting":true,"audioPlay":false,"sceneViewState":{"showFog":true,"showMaterialUpdate":false,"showSkybox":true,"showFlares":true,"showImageEffects":true,"showParticleSystems":true,"showVisualEffectGraphs":true,"m_FxEnabled":true},"in2DMode":false,"pivot":{"x":236.18276977539063,"y":382.4977722167969,"z":1721.6861572265625},"rotation":{"x":-0.016719043254852296,"y":0.08371000736951828,"z":-0.001922102295793593,"w":-0.9969615936279297},"size":1666.837158203125,"orthographic":false}