{"cameraMode":{"drawMode":0,"name":"Shaded","section":"Shading Mode"},"sceneLighting":true,"audioPlay":false,"sceneViewState":{"showFog":true,"showMaterialUpdate":false,"showSkybox":true,"showFlares":true,"showImageEffects":true,"showParticleSystems":true,"showVisualEffectGraphs":true,"m_FxEnabled":true},"in2DMode":false,"pivot":{"x":2.5399999618530275,"y":49.599998474121097,"z":8.430000305175782},"rotation":{"x":-0.027869701385498048,"y":0.7723113298416138,"z":-0.033818311989307407,"w":-0.6346061825752258},"size":26.627695083618165,"orthographic":false}