{"cameraMode":{"drawMode":0,"name":"Shaded","section":"Shading Mode"},"sceneLighting":true,"audioPlay":false,"sceneViewState":{"showFog":true,"showMaterialUpdate":false,"showSkybox":true,"showFlares":true,"showImageEffects":true,"showParticleSystems":true,"showVisualEffectGraphs":true,"m_FxEnabled":true},"in2DMode":false,"pivot":{"x":26.126445770263673,"y":114.05364990234375,"z":305.4178771972656},"rotation":{"x":-0.06707542389631272,"y":0.04212881997227669,"z":0.0029158303514122965,"w":0.9968593716621399},"size":203.19253540039063,"orthographic":false}