{"cameraMode":{"drawMode":0,"name":"Shaded","section":"Shading Mode"},"sceneLighting":true,"audioPlay":false,"sceneViewState":{"showFog":true,"showMaterialUpdate":false,"showSkybox":true,"showFlares":true,"showImageEffects":true,"showParticleSystems":true,"showVisualEffectGraphs":true,"m_FxEnabled":true},"in2DMode":false,"pivot":{"x":67.55662536621094,"y":-1564.0572509765625,"z":-963.1087646484375},"rotation":{"x":0.001958271022886038,"y":0.8635128140449524,"z":-0.5057292580604553,"w":0.0034954294096678497},"size":1240.9166259765625,"orthographic":false}