{"cameraMode":{"drawMode":0,"name":"Shaded","section":"Shading Mode"},"sceneLighting":false,"audioPlay":false,"sceneViewState":{"showFog":false,"showMaterialUpdate":false,"showSkybox":false,"showFlares":false,"showImageEffects":false,"showParticleSystems":false,"showVisualEffectGraphs":true,"m_FxEnabled":true},"in2DMode":false,"pivot":{"x":-0.19072043895721436,"y":2.1014413833618166,"z":0.19342422485351563},"rotation":{"x":-0.12149756401777268,"y":-0.014295123517513276,"z":0.0017533560749143363,"w":-0.9925044178962708},"size":1.0993890762329102,"orthographic":false}