{"cameraMode":{"drawMode":0,"name":"Shaded","section":"Shading Mode"},"sceneLighting":true,"audioPlay":false,"sceneViewState":{"showFog":true,"showMaterialUpdate":false,"showSkybox":true,"showFlares":true,"showImageEffects":true,"showParticleSystems":true,"showVisualEffectGraphs":true,"m_FxEnabled":true},"in2DMode":false,"pivot":{"x":8.176111221313477,"y":-11.776968955993653,"z":25.53021812438965},"rotation":{"x":-0.2828955054283142,"y":0.0020115277729928495,"z":-0.0005919046234339476,"w":-0.9591577053070068},"size":16.610925674438478,"orthographic":false}